Title,Price,Date
Bertucci Men's 12022 A-2T Original Classics Durable Titanium Field Watch,144.90,2022-02-26
Bertucci Men's 12022 A-2T Original Classics Durable Titanium Field Watch,144.90,2022-02-26
Bertucci Men's 12022 A-2T Original Classics Durable Titanium Field Watch,144.90,2022-02-26
Bertucci Men's 12022 A-2T Original Classics Durable Titanium Field Watch,144.90,2022-02-26
Bertucci Men's 12022 A-2T Original Classics Durable Titanium Field Watch,144.90,2022-02-26
Bertucci Men's 12022 A-2T Original Classics Durable Titanium Field Watch,144.90,2022-02-26
Bertucci Men's 12022 A-2T Original Classics Durable Titanium Field Watch,144.90,2022-02-26
Bertucci Men's 12022 A-2T Original Classics Durable Titanium Field Watch,144.90,2022-02-26
Bertucci Men's 12022 A-2T Original Classics Durable Titanium Field Watch,144.90,2022-02-26
Bertucci Men's 12022 A-2T Original Classics Durable Titanium Field Watch,144.90,2022-02-26
Bertucci Men's 12022 A-2T Original Classics Durable Titanium Field Watch,144.90,2022-02-26
